CREATE DATABASE DECANAT

USE DECANAT
CREATE TABLE STUDENTS(ID_S INT, FIRSTNAME VARCHAR(30), LASTNAME VARCHAR(30), ID_F INT, ID_G INT, MAIL VARCHAR(30), CITY VARCHAR(40), POSITION VARCHAR(30), PRIMARY KEY(ID_S))
CREATE TABLE TEACHERS (ID_T INT, FIRSTNAME VARCHAR(30), LASTNAME VARCHAR(30),   ID_F INT, MAIL VARCHAR(30),POSITION VARCHAR(30), PRIMARY KEY(ID_T))
CREATE TABLE GROUPS(ID_G INT, NAME VARCHAR(30), ID_S INT, ID_F INT, PRIMARY KEY(ID_G))
CREATE TABLE FACULTY(ID_F INT, NAME VARCHAR(30), ADRESS VARCHAR(50), CONTACTS VARCHAR(100), PRIMARY KEY (ID_F))
CREATE TABLE SHEDULES(DAY_ VARCHAR(30), ID_F INT, ID_C INT, ID_T INT, NUMBER INT)
CREATE TABLE STATEMENT(ID_ST INT, ID_C INT, ID_T INT, ID_S INT, GRADE INT, PRIMARY KEY (ID_ST))
CREATE TABLE COURSE(ID_C INT, TITLE VARCHAR(60), CREDITS INT, HOURS_ INT, PRACTICE INT, LECTURES INT, CHECKING VARCHAR(30), PRIMARY KEY(ID_C))
CREATE TABLE ROOM(ID_R INT, ID_F INT, NAME INT, TYPE_ VARCHAR (30))
INSERT INTO FACULTY(ID_F, NAME, ADRESS, CONTACTS)
VALUES(1, 'FUFB','KOPERNIKA,3', '232-80-85')
INSERT INTO FACULTY(ID_F, NAME, ADRESS, CONTACTS)
VALUES(2, 'FACULTYofLOW','STUDENTSKA', '232-80-86')
INSERT INTO FACULTY(ID_F, NAME, ADRESS, CONTACTS)
VALUES(3, 'EF','PR.SVOBODY', '232-80-87')
INSERT INTO STUDENTS (ID_S, FIRSTNAME, LASTNAME, ID_F, ID_G, MAIL, CITY, POSITION)
VALUES(1,'NAZAR','BEREZIUK',1,1,'NAZLVIVUA@GMAIL.COM','LVIV','STUDENT')
INSERT INTO STUDENTS (ID_S, FIRSTNAME, LASTNAME, ID_F, ID_G, MAIL, CITY, POSITION)
VALUES(2,'VALENTINA','KACHMAR',1,1,'VALYAKACH1@GMAIL.COM','ODESA','STUDENT')
INSERT INTO STUDENTS (ID_S, FIRSTNAME, LASTNAME, ID_F, ID_G, MAIL, CITY, POSITION)
VALUES(3,'OLEG','VASIUTA',1,1,'VASIAO@GMAIL.COM','TERNOIPIL','STUDENT')
ALTER TABLE GROUPS
DROP COLUMN ID_S 
SELECT*
FROM GROUPS
insert INTO GROUPS (ID_G, NAME, ID_F)
VALUES(1,'UFE',1)
insert INTO GROUPS (ID_G, NAME, ID_F)
VALUES(2,'EFF',3)
insert INTO GROUPS (ID_G, NAME, ID_F)
VALUES(3,'LFF',2)
INSERT INTO COURSE(ID_C, TITLE, CREDITS, HOURS_ , PRACTICE, LECTURES, CHECKING)
VALUES(1,'ECONOMICA',4,120,80,40,'EXAM')
INSERT INTO COURSE(ID_C, TITLE, CREDITS, HOURS_ , PRACTICE, LECTURES, CHECKING)
VALUES(2,'PRAVO',4,120,80,40,'EXAM')
INSERT INTO COURSE(ID_C, TITLE, CREDITS, HOURS_ , PRACTICE, LECTURES, CHECKING)
VALUES(3,'BUSSINESS IN SMM',3,80,60,20,'ZALIK')
INSERT INTO COURSE(ID_C, TITLE, CREDITS, HOURS_ , PRACTICE, LECTURES, CHECKING)
VALUES(4,'HISTORY OF LAW',3,80,60,20,'ZALIK')
INSERT INTO COURSE(ID_C, TITLE, CREDITS, HOURS_ , PRACTICE, LECTURES, CHECKING)
VALUES(5,'UKR LANGUAGE',4,120,80,40,'ZALIK')
INSERT INTO COURSE(ID_C, TITLE, CREDITS, HOURS_ , PRACTICE, LECTURES, CHECKING)
VALUES(6,'HISTORY',4,120,80,40,'EXAM')
INSERT INTO COURSE(ID_C, TITLE, CREDITS, HOURS_ , PRACTICE, LECTURES, CHECKING)
VALUES(7,'UKRAIANAIN LAW',4,120,80,40,'EXAM')
INSERT INTO COURSE(ID_C, TITLE, CREDITS, HOURS_ , PRACTICE, LECTURES, CHECKING)
VALUES(8,'ADMIN OF BD',4,120,80,40,'KURSOVA AND EXAM')
INSERT INTO COURSE(ID_C, TITLE, CREDITS, HOURS_ , PRACTICE, LECTURES, CHECKING)
VALUES(9,'HISTORE OF ECONOMICS',4,120,80,40,'ZALIK')
INSERT INTO COURSE(ID_C, TITLE, CREDITS, HOURS_ , PRACTICE, LECTURES, CHECKING)
VALUES(10,'BUSSINESS ENGLISH',4,120,80,40,'ZALIK')
INSERT INTO COURSE(ID_C, TITLE, CREDITS, HOURS_ , PRACTICE, LECTURES, CHECKING)
VALUES(11,'STRAHUVANYA',4,120,80,40,'EXAM')
INSERT INTO COURSE(ID_C, TITLE, CREDITS, HOURS_ , PRACTICE, LECTURES, CHECKING)
VALUES(12,'1C',4,120,80,40,'EXAM')
INSERT INTO STUDENTS (ID_S, FIRSTNAME, LASTNAME, ID_F, ID_G, MAIL, CITY, POSITION)
VALUES(4,'NINA','NILON',1,1,'NINA14@GMAIL.COM','RIVNE','STUDENT')
INSERT INTO STUDENTS (ID_S, FIRSTNAME, LASTNAME, ID_F, ID_G, MAIL, CITY, POSITION)
VALUES(5,'ROMAN','KALAN',1,1,'ROMANOL@GMAIL.COM','LVIV','STUDENT')
INSERT INTO STUDENTS (ID_S, FIRSTNAME, LASTNAME, ID_F, ID_G, MAIL, CITY, POSITION)
VALUES(6,'IVAN','ROMANOV',1,1,'IVAN98@GMAIL.COM','ODESA','STUDENT')
INSERT INTO STUDENTS (ID_S, FIRSTNAME, LASTNAME, ID_F, ID_G, MAIL, CITY, POSITION)
VALUES (7,'MARIA','KLYM',1,1,'MARIAKL@GMAIL.COM','TERNOPIL','STUDENT')
INSERT INTO STUDENTS (ID_S, FIRSTNAME, LASTNAME, ID_F, ID_G,
MAIL, CITY, POSITION)
VALUES(8,'JULIA','VARENA',1,1,'JULIAVA76@GMAIL.COM','RIVNE','STAROSTA')
INSERT INTO STUDENTS (ID_S, FIRSTNAME, LASTNAME, ID_F, ID_G, MAIL, CITY, POSITION)
VALUES(9,'ROMANA','LAMANA',2,2,'ROMANALAMA@GMAIL.COM','LVIV','STUDENT')
INSERT INTO STUDENTS (ID_S, FIRSTNAME, LASTNAME, ID_F, ID_G, MAIL, CITY, POSITION)
VALUES(10,'MYKOLA','PETRIV',2,2,'PETRIVMY@GMAIL.COM','ODESA','STUDENT')
INSERT INTO STUDENTS (ID_S, FIRSTNAME, LASTNAME, ID_F, ID_G, MAIL, CITY, POSITION)
VALUES(11,'VALERIY','KOMAR',2,2,'KOMAR@GMAIL.COM','RIVNE','STUDENT')
INSERT INTO STUDENTS (ID_S, FIRSTNAME, LASTNAME, ID_F, ID_G, MAIL, CITY, POSITION)
VALUES(12,'PETRO','RYNIV',2,2,'PETRORYN@GMAIL.COM','TERNOPIL','STUDENT')
INSERT INTO STUDENTS (ID_S, FIRSTNAME, LASTNAME, ID_F, ID_G, MAIL, CITY, POSITION)
VALUES(13,'KATERYNA','HAVRYK',2,2,'KATERYNAHA@GMAIL.COM','LVIV','STUDENT')
INSERT INTO STUDENTS (ID_S, FIRSTNAME, LASTNAME, ID_F, ID_G, MAIL, CITY, POSITION)
VALUES(14,'OLGA','MATVIIV',2,2,'OLGAMAT@GMAIL.COM','ODESA','STUDENT')
INSERT INTO STUDENTS (ID_S, FIRSTNAME, LASTNAME, ID_F, ID_G, MAIL, CITY, POSITION)
VALUES(15,'HRYSTYNA','OREH',2,2,'HRYSTYNAOR@GMAIL.COM','TERNOPIL','STUDENT')
INSERT INTO STUDENTS (ID_S, FIRSTNAME, LASTNAME, ID_F, ID_G, MAIL, CITY, POSITION)
VALUES(16,'OLENA','KOPAK',2,2,'OLENAKOP@GMAIL.COM','RIVNE','STUDENT')
INSERT INTO STUDENTS (ID_S, FIRSTNAME, LASTNAME, ID_F, ID_G, MAIL, CITY, POSITION)
VALUES(17,'MAKSYM','OLIYAR',2,2,'MAXOL@GMAIL.COM','LVIV','STUDENT')
INSERT INTO STUDENTS (ID_S, FIRSTNAME, LASTNAME, ID_F, ID_G, MAIL, CITY, POSITION)
VALUES(18,'YAKIV','MARKO',3,3,'MARKOYA@GMAIL.COM','ODESA','STAROSTA')
INSERT INTO STUDENTS (ID_S, FIRSTNAME, LASTNAME, ID_F, ID_G, MAIL, CITY, POSITION)
VALUES(19,'IHOR','TYNKO',3,3,'IGORTY@GMAIL.COM','TERNOPIL','STUDENT')
INSERT INTO STUDENTS (ID_S, FIRSTNAME, LASTNAME, ID_F, ID_G, MAIL, CITY, POSITION)
VALUES(20,'BOGDAN','MASLOW',3,3,'BOGDANMA@GMAIL.COM','RIVNE','STUDENT')
INSERT INTO STUDENTS (ID_S, FIRSTNAME, LASTNAME, ID_F, ID_G, MAIL, CITY, POSITION)
VALUES(21,'OLEKSII','LYTVYN',3,3,'OLEKSLYT@GMAIL.COM','LVIV','STUDENT')
INSERT INTO STUDENTS (ID_S, FIRSTNAME, LASTNAME, ID_F, ID_G, MAIL, CITY, POSITION)
VALUES(22,'ANDRII','PRON',3,3,'ANDRII35@GMAIL.COM','ODESA','STUDENT')
INSERT INTO STUDENTS (ID_S, FIRSTNAME, LASTNAME, ID_F, ID_G, MAIL, CITY, POSITION)
VALUES(23,'NAZAR','SHUK',3,3,'NAZAZAR@GMAIL.COM','RIVNE','STUDENT')
INSERT INTO STUDENTS (ID_S, FIRSTNAME, LASTNAME, ID_F, ID_G, MAIL, CITY, POSITION)
VALUES(24,'YURII','MAKIN',3,3,'YURIIMAK@GMAIL.COM','TERNOPIL','STUDENT')
INSERT INTO STUDENTS (ID_S, FIRSTNAME, LASTNAME, ID_F, ID_G, MAIL, CITY, POSITION)
VALUES(25,'YAROSLAV','HASAN',3,3,'SLAWHAS@GMAIL.COM','LVIV','STAROSTA')
INSERT INTO STUDENTS (ID_S, FIRSTNAME, LASTNAME, ID_F, ID_G, MAIL, CITY, POSITION)
VALUES(26,'MARKO','TRUK',3,3,'MARKOTT@GMAIL.COM','ODESA','STUDENT')
INSERT INTO STUDENTS (ID_S, FIRSTNAME, LASTNAME, ID_F, ID_G, MAIL, CITY, POSITION)
VALUES(27,'TARAS','DERUN',3,3,'TARASDER56@GMAIL.COM','TERNOPIL','STUDENT')
INSERT INTO STUDENTS (ID_S, FIRSTNAME, LASTNAME, ID_F, ID_G, MAIL, CITY, POSITION)
VALUES(28,'ROSTYSLAV','MAK',3,3,'MAKROS@GMAIL.COM','RIVNE','STUDENT')
INSERT INTO STUDENTS (ID_S, FIRSTNAME, LASTNAME, ID_F, ID_G, MAIL, CITY, POSITION)
VALUES(29,'VITALII','RETOM',3,3,'VITALIIJJ@GMAIL.COM','LVIV','STUDENT')
INSERT INTO TEACHERS(ID_T, FIRSTNAME, LASTNAME, MAIL, ID_F, POSITION)
VALUES(1,'TARAS', 'STEPANENKO', 'T.STEPANENKO@GMAIL.COM', 1, 'LECTOR')
ALTER TABLE SHEDULES
ADD ID_S INT
INSERT INTO ROOM( ID_R, ID_F, NAME, TYPE_)
VALUES(1,1,31,'LAB')
INSERT INTO ROOM( ID_R, ID_F, NAME, TYPE_)
VALUES(2,1,21,'LEC')
INSERT INTO ROOM( ID_R, ID_F, NAME, TYPE_)
VALUES(3,2,12,'LAB')
INSERT INTO ROOM( ID_R, ID_F, NAME, TYPE_)
VALUES(4,2,123,'LEC')
INSERT INTO ROOM( ID_R, ID_F, NAME, TYPE_)
VALUES(5,3,334,'LAB')
INSERT INTO ROOM( ID_R, ID_F, NAME, TYPE_)
VALUES(6,3,66,'LEC')
INSERT INTO TEACHERS(ID_T, FIRSTNAME, LASTNAME, MAIL, ID_F, POSITION)
VALUES(2,'LEONID', 'KORODUN', 'LEODIS.KORO@GMAIL.COM', 1, 'LECTOR')
INSERT INTO TEACHERS(ID_T, FIRSTNAME, LASTNAME, MAIL, ID_F, POSITION)
VALUES(3,'VASYL', 'MARKIN', 'V.MARKIN@GMAIL.COM', 1, 'LECTOR')
INSERT INTO TEACHERS(ID_T, FIRSTNAME, LASTNAME, MAIL, ID_F, POSITION)
VALUES(4,'OLENA', 'VALAH', 'VALAH.O@GMAIL.COM', 1, 'LECTOR')
INSERT INTO TEACHERS(ID_T, FIRSTNAME, LASTNAME, MAIL, ID_F, POSITION)
VALUES(5,'PETRO', 'LININ', 'PETRO.LININ@GMAIL.COM', 1, 'LECTOR')
INSERT INTO TEACHERS(ID_T, FIRSTNAME, LASTNAME, MAIL, ID_F, POSITION)
VALUES(6,'MARIAN', 'KARAS', 'KARAS.M@GMAIL.COM', 1, 'LECTOR')
INSERT INTO TEACHERS(ID_T, FIRSTNAME, LASTNAME, MAIL, ID_F, POSITION)
VALUES(7,'OKSANA', 'LESHENA', 'OK.LESHENA@GMAIL.COM', 2, 'LECTOR')
INSERT INTO TEACHERS(ID_T, FIRSTNAME, LASTNAME, MAIL, ID_F, POSITION)
VALUES(8,'LILYA', 'VASYL', 'LILYA.VAS@GMAIL.COM', 2, 'LECTOR')
INSERT INTO TEACHERS(ID_T, FIRSTNAME, LASTNAME, MAIL, ID_F, POSITION)
VALUES(9,'TARAS', 'HORNO', 'T.HORNO@GMAIL.COM', 2, 'LECTOR')
INSERT INTO TEACHERS(ID_T, FIRSTNAME, LASTNAME, MAIL, ID_F, POSITION)
VALUES(10,'LEONID', 'OVEREN', 'OVEREN.LEO@GMAIL.COM', 2, 'LECTOR')
INSERT INTO TEACHERS(ID_T, FIRSTNAME, LASTNAME, MAIL, ID_F, POSITION)
VALUES(11,'KYRYLO', 'MAMIN', 'KYRYLO.MAMIN@GMAIL.COM', 3, 'LECTOR')
INSERT INTO TEACHERS(ID_T, FIRSTNAME, LASTNAME, MAIL, ID_F, POSITION)
VALUES(12,'LEV', 'GALICH', 'L.GALYCH@GMAIL.COM', 3, 'LECTOR')
INSERT INTO TEACHERS(ID_T, FIRSTNAME, LASTNAME, MAIL, ID_F, POSITION)
VALUES(13,'MYKOLA', 'GNATIV', 'GNATIV.M@GMAIL.COM', 3, 'LECTOR')
INSERT INTO TEACHERS(ID_T, FIRSTNAME, LASTNAME, MAIL, ID_F, POSITION)
VALUES(14,'VENESA', 'PETRIV', 'VENESA.PET@GMAIL.COM', 3, 'LECTOR')
INSERT INTO TEACHERS(ID_T, FIRSTNAME, LASTNAME, MAIL, ID_F, POSITION)
VALUES(15,'POLINA', 'TARASENKO', 'POLINA.TAR@GMAIL.COM', 3, 'LECTOR')
select*
from STATEMENT
INSERT INTO STATEMENT(ID_ST,ID_C, ID_T, ID_S, GRADE)          
VALUES( 14 , 3 , 1 , 1 , 3 )
INSERT INTO STATEMENT(ID_ST,ID_C, ID_T, ID_S, GRADE)          
VALUES( 15 , 5 , 1 , 1 , 5 )
INSERT INTO STATEMENT(ID_ST,ID_C, ID_T, ID_S, GRADE)          
VALUES( 16 , 6 , 2 , 1 , 5 )
INSERT INTO STATEMENT(ID_ST,ID_C, ID_T, ID_S, GRADE)          
VALUES( 17 , 8 , 3 , 1 , 3 )
INSERT INTO STATEMENT(ID_ST,ID_C, ID_T, ID_S, GRADE)          
VALUES( 18 , 10 , 4 , 1 , 4 )
INSERT INTO STATEMENT(ID_ST,ID_C, ID_T, ID_S, GRADE)          
VALUES( 19 , 11 , 5 , 1 , 3 )
INSERT INTO STATEMENT(ID_ST,ID_C, ID_T, ID_S, GRADE)          
VALUES( 20 , 12 , 6 , 1 , 5 )
INSERT INTO STATEMENT(ID_ST,ID_C, ID_T, ID_S, GRADE)          
VALUES( 21 , 3 , 1 , 2 , 5 )
INSERT INTO STATEMENT(ID_ST,ID_C, ID_T, ID_S, GRADE)          
VALUES( 22 , 5 , 1 , 2 , 4 )
INSERT INTO STATEMENT(ID_ST,ID_C, ID_T, ID_S, GRADE)          
VALUES( 23 , 6 , 2 , 2 , 5 )
INSERT INTO STATEMENT(ID_ST,ID_C, ID_T, ID_S, GRADE)          
VALUES( 24 , 8 , 3 , 2 , 5 )
INSERT INTO STATEMENT(ID_ST,ID_C, ID_T, ID_S, GRADE)          
VALUES( 25 , 10 , 4 , 2 , 3 )
INSERT INTO STATEMENT(ID_ST,ID_C, ID_T, ID_S, GRADE)          
VALUES( 26 , 11 , 5 , 2 , 5 )
INSERT INTO STATEMENT(ID_ST,ID_C, ID_T, ID_S, GRADE)          
VALUES( 27 , 12 , 6 , 2 , 5 )
INSERT INTO STATEMENT(ID_ST,ID_C, ID_T, ID_S, GRADE)          
VALUES( 28 , 3 , 1 , 3 , 3 )
INSERT INTO STATEMENT(ID_ST,ID_C, ID_T, ID_S, GRADE)          
VALUES( 29 , 5 , 1 , 3 , 4 )
INSERT INTO STATEMENT(ID_ST,ID_C, ID_T, ID_S, GRADE)          
VALUES( 30 , 6 , 2 , 3 , 3 )
INSERT INTO STATEMENT(ID_ST,ID_C, ID_T, ID_S, GRADE)          
VALUES( 31 , 8 , 3 , 3 , 4 )
INSERT INTO STATEMENT(ID_ST,ID_C, ID_T, ID_S, GRADE)          
VALUES( 32 , 10 , 4 , 3 , 3 )
INSERT INTO STATEMENT(ID_ST,ID_C, ID_T, ID_S, GRADE)          
VALUES( 33 , 11 , 5 , 3 , 3 )
INSERT INTO STATEMENT(ID_ST,ID_C, ID_T, ID_S, GRADE)          
VALUES( 34 , 12 , 6 , 3 , 4 )
INSERT INTO STATEMENT(ID_ST,ID_C, ID_T, ID_S, GRADE)          
VALUES( 35 , 3 , 1 , 4 , 4 )
INSERT INTO STATEMENT(ID_ST,ID_C, ID_T, ID_S, GRADE)          
VALUES( 36 , 5 , 1 , 4 , 3 )
INSERT INTO STATEMENT(ID_ST,ID_C, ID_T, ID_S, GRADE)          
VALUES( 37 , 6 , 2 , 4 , 3 )
INSERT INTO STATEMENT(ID_ST,ID_C, ID_T, ID_S, GRADE)          
VALUES( 38 , 8 , 3 , 4 , 5 )
INSERT INTO STATEMENT(ID_ST,ID_C, ID_T, ID_S, GRADE)          
VALUES( 39 ,
10 , 4 , 4 , 4 )
INSERT INTO STATEMENT(ID_ST,ID_C, ID_T, ID_S, GRADE)          
VALUES( 40 , 11 , 5 , 4 , 3 )
INSERT INTO STATEMENT(ID_ST,ID_C, ID_T, ID_S, GRADE)          
VALUES( 41 , 12 , 6 , 4 , 4 )
INSERT INTO STATEMENT(ID_ST,ID_C, ID_T, ID_S, GRADE)          
VALUES( 42 , 3 , 1 , 5 , 5 )
INSERT INTO STATEMENT(ID_ST,ID_C, ID_T, ID_S, GRADE)          
VALUES( 43 , 5 , 1 , 5 , 4 )
INSERT INTO STATEMENT(ID_ST,ID_C, ID_T, ID_S, GRADE)          
VALUES( 44 , 6 , 2 , 5 , 5 )
INSERT INTO STATEMENT(ID_ST,ID_C, ID_T, ID_S, GRADE)          
VALUES( 45 , 8 , 3 , 5 , 4 )
INSERT INTO STATEMENT(ID_ST,ID_C, ID_T, ID_S, GRADE)          
VALUES( 46 , 10 , 4 , 5 , 5 )
INSERT INTO STATEMENT(ID_ST,ID_C, ID_T, ID_S, GRADE)          
VALUES( 47 , 11 , 5 , 5 , 3 )
INSERT INTO STATEMENT(ID_ST,ID_C, ID_T, ID_S, GRADE)          
VALUES( 48 , 12 , 6 , 5 , 4 )
INSERT INTO STATEMENT(ID_ST,ID_C, ID_T, ID_S, GRADE)          
VALUES( 49 , 3 , 1 , 6 , 4 )
INSERT INTO STATEMENT(ID_ST,ID_C, ID_T, ID_S, GRADE)          
VALUES( 50 , 5 , 1 , 6 , 5 )
INSERT INTO STATEMENT(ID_ST,ID_C, ID_T, ID_S, GRADE)          
VALUES( 51 , 6 , 2 , 6 , 4 )
INSERT INTO STATEMENT(ID_ST,ID_C, ID_T, ID_S, GRADE)          
VALUES( 52 , 8 , 3 , 6 , 4 )
INSERT INTO STATEMENT(ID_ST,ID_C, ID_T, ID_S, GRADE)          
VALUES( 53 , 10 , 4 , 6 , 5 )
INSERT INTO STATEMENT(ID_ST,ID_C, ID_T, ID_S, GRADE)          
VALUES( 54 , 11 , 5 , 6 , 5 )
INSERT INTO STATEMENT(ID_ST,ID_C, ID_T, ID_S, GRADE)          
VALUES( 55 , 12 , 6 , 6 , 4 )
INSERT INTO STATEMENT(ID_ST,ID_C, ID_T, ID_S, GRADE)          
VALUES( 56 , 3 , 1 , 7 , 4 )
INSERT INTO STATEMENT(ID_ST,ID_C, ID_T, ID_S, GRADE)          
VALUES( 57 , 5 , 1 , 7 , 5 )
INSERT INTO STATEMENT(ID_ST,ID_C, ID_T, ID_S, GRADE)          
VALUES( 58 , 6 , 2 , 7 , 5 )
INSERT INTO STATEMENT(ID_ST,ID_C, ID_T, ID_S, GRADE)          
VALUES( 59 , 8 , 3 , 7 , 5 )
INSERT INTO STATEMENT(ID_ST,ID_C, ID_T, ID_S, GRADE)          
VALUES( 60 , 10 , 4 , 7 , 3 )
INSERT INTO STATEMENT(ID_ST,ID_C, ID_T, ID_S, GRADE)          
VALUES( 61 , 11 , 5 , 7 , 4 )
INSERT INTO STATEMENT(ID_ST,ID_C, ID_T, ID_S, GRADE)          
VALUES( 62 , 12 , 6 , 7 , 5 )
INSERT INTO STATEMENT(ID_ST,ID_C, ID_T, ID_S, GRADE)          
VALUES( 63 , 3 , 1 , 8 , 5 )
INSERT INTO STATEMENT(ID_ST,ID_C, ID_T, ID_S, GRADE)          
VALUES( 64 , 5 , 1 , 8 , 5 )
INSERT INTO STATEMENT(ID_ST,ID_C, ID_T, ID_S, GRADE)          
VALUES( 66 , 8 , 3 , 8 , 5 )
INSERT INTO STATEMENT(ID_ST,ID_C, ID_T, ID_S, GRADE)          
VALUES( 67 , 10 , 4 , 8 , 4 )
INSERT INTO STATEMENT(ID_ST,ID_C, ID_T, ID_S, GRADE)          
VALUES( 68 , 11 , 5 , 8 , 5 )
INSERT INTO STATEMENT(ID_ST,ID_C, ID_T, ID_S, GRADE)          
VALUES( 69 , 12 , 6 , 8 , 3 )
INSERT INTO STATEMENT(ID_ST,ID_C, ID_T, ID_S, GRADE)          
VALUES( 70 , 2 , 7 , 9 , 3 )
INSERT INTO STATEMENT(ID_ST,ID_C, ID_T, ID_S, GRADE)          
VALUES( 71 , 4 , 8 , 9 , 4 )
INSERT INTO STATEMENT(ID_ST,ID_C, ID_T, ID_S, GRADE)          
VALUES( 72 , 5 , 9 , 9 , 3 )
INSERT INTO STATEMENT(ID_ST,ID_C, ID_T, ID_S, GRADE)          
VALUES( 73 , 6 , 10 , 9 , 5 )
INSERT INTO STATEMENT(ID_ST,ID_C, ID_T, ID_S, GRADE)          
VALUES( 74 , 7 , 7 , 9 , 3 )
INSERT INTO STATEMENT(ID_ST,ID_C, ID_T, ID_S, GRADE)          
VALUES( 75 , 2 , 7 , 10 , 3 )
INSERT INTO STATEMENT(ID_ST,ID_C, ID_T, ID_S, GRADE)          
VALUES( 76 , 4 , 8 , 10 , 4 )
INSERT INTO STATEMENT(ID_ST,ID_C, ID_T, ID_S, GRADE)          
VALUES( 77 , 5 , 9 , 10 , 3 )
INSERT INTO STATEMENT(ID_ST,ID_C, ID_T, ID_S, GRADE)          
VALUES( 78 , 6 , 10 , 10 , 3 )
INSERT INTO STATEMENT(ID_ST,ID_C, ID_T, ID_S, GRADE)          
VALUES( 79 , 7 , 7 , 10 , 4 )
INSERT INTO STATEMENT(ID_ST,ID_C, ID_T, ID_S, GRADE)          
VALUES( 80 , 2 , 7 , 11 , 4 )
INSERT INTO STATEMENT(ID_ST,ID_C, ID_T, ID_S, GRADE)          
VALUES( 81 , 4 , 8 , 11 , 3 )
INSERT INTO STATEMENT(ID_ST,ID_C, ID_T, ID_S, GRADE)          
VALUES( 82 , 5 , 9 , 11 , 5 )
INSERT INTO STATEMENT(ID_ST,ID_C, ID_T, ID_S, GRADE)          
VALUES( 83 , 6 , 10 , 11 , 3 )
INSERT INTO STATEMENT(ID_ST,ID_C, ID_T, ID_S, GRADE)          
VALUES( 84 , 7 , 7 , 11 , 4 )
INSERT INTO STATEMENT(ID_ST,ID_C, ID_T, ID_S, GRADE)          
VALUES( 85 , 2 , 7 , 12 , 3 )
INSERT INTO STATEMENT(ID_ST,ID_C, ID_T, ID_S, GRADE)          
VALUES( 86 , 4 , 8 , 12 , 4 )
INSERT INTO STATEMENT(ID_ST,ID_C, ID_T, ID_S, GRADE)          
VALUES( 87 , 5 , 9 , 12 , 4 )
INSERT INTO STATEMENT(ID_ST,ID_C, ID_T, ID_S, GRADE)          
VALUES( 88 , 6 , 10 , 12 , 5 )
INSERT INTO STATEMENT(ID_ST,ID_C, ID_T, ID_S, GRADE)          
VALUES( 89 , 7 , 7 , 12 , 3 )
INSERT INTO STATEMENT(ID_ST,ID_C, ID_T, ID_S, GRADE)          
VALUES( 90 , 2 , 7 , 13 , 4 )
INSERT INTO STATEMENT(ID_ST,ID_C, ID_T, ID_S, GRADE)          
VALUES( 91 , 4 , 8 , 13 , 5 )
INSERT INTO STATEMENT(ID_ST,ID_C, ID_T, ID_S, GRADE)          
VALUES( 92 , 5 , 9 , 13 , 5 )
INSERT INTO STATEMENT(ID_ST,ID_C, ID_T, ID_S, GRADE)          
VALUES( 93 , 6 , 10 , 13 , 4 )
INSERT INTO STATEMENT(ID_ST,ID_C, ID_T, ID_S, GRADE)          
VALUES( 94 , 7 , 7 , 13 , 3 )
INSERT INTO STATEMENT(ID_ST,ID_C, ID_T, ID_S, GRADE)          
VALUES( 95 , 2 , 7 , 14 , 5 )
INSERT INTO STATEMENT(ID_ST,ID_C, ID_T, ID_S, GRADE)          
VALUES( 96 , 4 , 8 , 14 , 5 )
INSERT INTO STATEMENT(ID_ST,ID_C, ID_T, ID_S, GRADE)          
VALUES( 97 , 5 , 9 , 14 , 3 )
INSERT INTO STATEMENT(ID_ST,ID_C, ID_T, ID_S, GRADE)          
VALUES( 98 , 6 , 10 , 14 , 4 )
INSERT INTO STATEMENT(ID_ST,ID_C, ID_T, ID_S, GRADE)          
VALUES( 99 , 7 , 7 , 14 , 5 )
INSERT INTO STATEMENT(ID_ST,ID_C, ID_T, ID_S, GRADE)          
VALUES( 100 , 2 , 7 , 15 , 4 )
INSERT INTO STATEMENT(ID_ST,ID_C, ID_T, ID_S, GRADE)          
VALUES( 101 , 4 , 8 , 15 , 3 )
INSERT INTO STATEMENT(ID_ST,ID_C, ID_T, ID_S, GRADE)          
VALUES( 102 , 5 , 9 , 15 , 5 )
INSERT INTO STATEMENT(ID_ST,ID_C, ID_T, ID_S, GRADE)          
VALUES( 103 , 6 , 10 , 15 , 3 )
INSERT INTO STATEMENT(ID_ST,ID_C, ID_T, ID_S, GRADE)          
VALUES( 104 , 7 , 7 , 15 , 5 )
INSERT INTO STATEMENT(ID_ST,ID_C, ID_T, ID_S, GRADE)          
VALUES( 105 , 2 , 7 , 16 , 5 )
INSERT INTO STATEMENT(ID_ST,ID_C, ID_T, ID_S, GRADE)          
VALUES( 106 , 4 , 8 , 16 , 4 )
INSERT INTO STATEMENT(ID_ST,ID_C, ID_T, ID_S, GRADE)          
VALUES( 107 , 5 , 9 , 16 , 5 )
INSERT INTO STATEMENT(ID_ST,ID_C, ID_T, ID_S, GRADE)          
VALUES( 108 , 6 , 10 , 16 , 3 )
INSERT INTO STATEMENT(ID_ST,ID_C, ID_T, ID_S, GRADE)          
VALUES( 109 , 7 , 7 , 16 , 5 )
SELECT*
FROM GROUPS
INSERT INTO GROUPS( ID_G, NAME, ID_S, ID_F)
VALUES(1, 'UFE', 1,1)
INSERT INTO GROUPS( ID_G, NAME, ID_S, ID_F)        
VALUES( 3 , 'UFE' , 2 , 1 )
INSERT INTO GROUPS( ID_G, NAME, ID_S, ID_F)        
VALUES( 2 , 'UFE' , 3 , 1 )
INSERT INTO GROUPS( ID_G, NAME, ID_S, ID_F)        
VALUES( 4 , 'UFE' , 4 , 1 )
INSERT INTO GROUPS( ID_G, NAME, ID_S, ID_F)        
VALUES( 5 , 'UFE' , 5 , 1 )
INSERT INTO GROUPS( ID_G, NAME, ID_S, ID_F)        
VALUES( 6 , 'UFE' , 6 , 1 )
INSERT INTO GROUPS( ID_G, NAME, ID_S, ID_F)        
VALUES( 7 , 'UFE' , 7 , 1 )
INSERT INTO GROUPS( ID_G, NAME, ID_S, ID_F)        
VALUES( 8 , 'UFE' , 8 , 1 )
INSERT INTO GROUPS( ID_G, NAME, ID_S, ID_F)        
VALUES( 9 , 'FoL' , 9 , 2 )
INSERT INTO GROUPS( ID_G, NAME, ID_S, ID_F)        
VALUES( 10 , 'FoL' , 10 , 2 )
INSERT INTO GROUPS( ID_G, NAME, ID_S, ID_F)        
VALUES( 11 , 'FoL' , 11 , 2 )
INSERT INTO GROUPS( ID_G, NAME, ID_S, ID_F)        
VALUES( 12 , 'FoL' , 12 , 2 )
INSERT INTO GROUPS( ID_G, NAME, ID_S, ID_F)        
VALUES( 13 , 'FoL' , 13 , 2 )
INSERT INTO GROUPS( ID_G, NAME, ID_S, ID_F)        
VALUES( 14 , 'FoL' , 14 , 2 )
INSERT INTO GROUPS( ID_G, NAME, ID_S, ID_F)        
VALUES( 15 , 'FoL' , 15 , 2 )
INSERT INTO GROUPS( ID_G, NAME, ID_S, ID_F)        
VALUES( 16 , 'FoL' , 16 , 2 )
INSERT INTO GROUPS( ID_G, NAME, ID_S, ID_F)        
VALUES( 17 , 'FoL' , 17 , 2 )
INSERT INTO GROUPS( ID_G, NAME, ID_S, ID_F)        
VALUES( 18 , 'EF' , 18 , 3 )
INSERT INTO GROUPS( ID_G, NAME, ID_S, ID_F)        
VALUES( 19 , 'EF' , 19 , 3 )
INSERT INTO GROUPS( ID_G, NAME, ID_S, ID_F)        
VALUES( 20 , 'EF' , 20 , 3 )
INSERT INTO GROUPS( ID_G, NAME, ID_S, ID_F)        
VALUES( 21 , 'EF' , 21 , 3 )
INSERT INTO GROUPS( ID_G, NAME, ID_S, ID_F)        
VALUES( 22 , 'EF' , 22 , 3 )
INSERT INTO GROUPS( ID_G, NAME, ID_S, ID_F)        
VALUES( 23 , 'EF' , 23 , 3 )
INSERT INTO GROUPS( ID_G, NAME, ID_S, ID_F)        
VALUES( 24 , 'EF' , 24 , 3 )
INSERT INTO GROUPS( ID_G, NAME, ID_S, ID_F)        
VALUES( 25 , 'EF' , 25 , 3 )
INSERT INTO GROUPS( ID_G, NAME, ID_S, ID_F)        
VALUES( 26 , 'EF' , 26 , 3 )
INSERT INTO GROUPS( ID_G, NAME, ID_S, ID_F)        
VALUES( 27 , 'EF' , 27 , 3 )
INSERT INTO GROUPS( ID_G, NAME, ID_S, ID_F)        
VALUES( 28 , 'EF' , 28 , 3 )
INSERT INTO GROUPS( ID_G, NAME, ID_S, ID_F)        
VALUES( 29 , 'EF' , 29 , 3 )
/*—“”ƒ≈Õ“» √–”œ» ”‘≈*/
SELECT STUDENTS.FIRSTNAME, STUDENTS.LASTNAME, GROUPS.NAME
FROM STUDENTS JOIN GROUPS
ON STUDENTS.ID_S= GROUPS.ID_G
WHERE GROUPS.NAME='UFE'

/*—“¿–Œ—“¿ √–”œ» ”‘≈*/
SELECT STUDENTS.FIRSTNAME, STUDENTS.LASTNAME, STUDENTS.POSITION
FROM STUDENTS 
WHERE STUDENTS.ID_F=1
AND POSITION='STAROSTA'

/*œ≈–≈“¬Œ–ﬁ™ œﬂ“»¡¿À‹Õ” —»—“≈Ã” ” ¿À‘¿¬≤“Õ”*/
SELECT STUDENTS.FIRSTNAME, STUDENTS.LASTNAME, STATEMENT.GRADE, COURSE.TITLE,
CASE
WHEN STATEMENT.GRADE = 2 THEN 'D'
WHEN STATEMENT.GRADE = 3 THEN 'C'
WHEN STATEMENT.GRADE = 4 THEN 'B'
WHEN STATEMENT.GRADE = 5 THEN 'A'
END AS MARKS
FROM STUDENTS JOIN STATEMENT ON STUDENTS.ID_S=STATEMENT.ID_S
JOIN COURSE ON STATEMENT.ID_C=COURSE.ID_C

/*Œ÷≤Õ ¿ œ≈¬ÕŒ√Œ —“”ƒ≈Õ“¿*/

SELECT STUDENTS.FIRSTNAME, COURSE.TITLE, STATEMENT.GRADE
FROM COURSE JOIN STATEMENT ON COURSE.ID_C=STATEMENT.ID_ST
JOIN STUDENTS ON STUDENTS.ID_S=STATEMENT.ID_ST
WHERE STUDENTS.ID_S=1 AND COURSE.TITLE='ECONOMICA'

/*¬—≤ —“”ƒ≈Õ“» ’“Œ ∆»¬”“‹ ” À‹¬Œ¬≤*/

SELECT STUDENTS.LASTNAME, STUDENTS.CITY, GROUPS.NAME
FROM STUDENTS JOIN GROUPS ON STUDENTS.ID_S=GROUPS.ID_G
WHERE STUDENTS.CITY ='LVIV'

/*¬» À¿ƒ¿◊ ﬂ »… ¬» À¿ƒ¿™ PRAVO*/

SELECT TEACHERS.LASTNAME, COURSE.TITLE, TEACHERS.MAIL
FROM TEACHERS JOIN COURSE ON TEACHERS.ID_T=COURSE.ID_C
WHERE COURSE.TITLE='PRAVO'

/*—≈–≈ƒÕ≤… ¡¿À —“”ƒ≈Õ“≤¬ « œ–≈ƒÃ≈“≤¬*/

SELECT AVG(STATEMENT.GRADE) AS AVARAGE, COURSE.TITLE
FROM STUDENTS JOIN COURSE ON STUDENTS.ID_S=COURSE.ID_C
JOIN STATEMENT ON STATEMENT.ID_ST=STUDENTS.ID_S
WHERE COURSE.TITLE = 'PRAVO'
GROUP BY COURSE.TITLE  


/*— ≤À‹ » —“”ƒ≈Õ“≤¬ Õ¿ ‘¿ ”À‹“≈“¿’*/

SELECT COUNT(STUDENTS.ID_S), FACULTY.NAME
FROM STUDENTS JOIN FACULTY ON STUDENTS.ID_F =FACULTY.ID_F
GROUP BY FACULTY.NAME

/*— ≤À‹ » —“”ƒ≈Õ“≤¬ Õ¿ œ≈¬ÕŒÃ” ‘¿ ”À‹“≈“≤*/

SELECT COUNT(STUDENTS.ID_S), FACULTY.NAME
FROM STUDENTS JOIN FACULTY ON STUDENTS.ID_F =FACULTY.ID_F
WHERE FACULTY.NAME = 'EF'
GROUP BY FACULTY.NAME


/*ﬂ »… ¬» À¿ƒ¿◊ ﬂ ” ƒ»—÷»œÀ≤Õ” ◊»“¿™*/

SELECT DISTINCT TEACHERS.FIRSTNAME, TEACHERS.LASTNAME, COURSE.TITLE
FROM TEACHERS JOIN STATEMENT ON TEACHERS.ID_T=STATEMENT.ID_T
JOIN COURSE ON COURSE.ID_C=STATEMENT.ID_C
ORDER BY COURSE.TITLE

/*ﬂ »… ¬» À¿ƒ¿◊ ﬂ ” ƒ»—÷»œÀ≤Õ” ◊»“¿™ Õ¿ œ≈¬ÕŒÃ” ‘¿ ”À‹“≈“≤*/

SELECT DISTINCT TEACHERS.FIRSTNAME, TEACHERS.LASTNAME, COURSE.TITLE, FACULTY.NAME
FROM TEACHERS JOIN STATEMENT ON TEACHERS.ID_T=STATEMENT.ID_T
JOIN COURSE ON COURSE.ID_C=STATEMENT.ID_C
JOIN FACULTY ON FACULTY.ID_F=TEACHERS.ID_F
WHERE FACULTY.NAME = 'FUFB'
ORDER BY COURSE.TITLE

/* ﬂ ≤ œ–≈ƒÃ≈“» ¬»¬◊¿ﬁ“‹ —“”ƒ≈Õ“» œ≈¬ÕŒØ √–”œ»*/

SELECT DISTINCT GROUPS.NAME, COURSE.TITLE
FROM GROUPS JOIN STUDENTS ON GROUPS.ID_G=STUDENTS.ID_G
JOIN STATEMENT ON STATEMENT.ID_S=STUDENTS.ID_S
JOIN COURSE ON COURSE.ID_C = STATEMENT.ID_C
WHERE GROUPS.NAME = 'FoL'

/* Œ÷≤Õ » √–”œ» « œ≈¬ÕŒ√Œ œ–≈ƒÃ≈“”*/

SELECT DISTINCT STUDENTS.FIRSTNAME, STUDENTS.LASTNAME, STATEMENT.GRADE, COURSE.TITLE, GROUPS.NAME
FROM STUDENTS JOIN STATEMENT ON STUDENTS.ID_S= STATEMENT.ID_S
JOIN COURSE ON COURSE.ID_C = STATEMENT.ID_C
JOIN GROUPS ON STUDENTS.ID_G=GROUPS.ID_G
WHERE GROUPS.NAME='UFE'

/* Œ÷≤Õ » √–”œ» « œ≈¬ÕŒ√Œ œ–≈ƒÃ≈“” + ¬» À¿ƒ¿◊  Œ“–»… ¬»—“¿¬»¬ ¡¿À*/

SELECT DISTINCT STUDENTS.FIRSTNAME+' '+ STUDENTS.LASTNAME AS STUDENT, STATEMENT.GRADE, COURSE.TITLE, GROUPS.NAME, TEACHERS.FIRSTNAME +' '+ TEACHERS.LASTNAME  AS TEACHER
FROM STUDENTS JOIN STATEMENT ON STUDENTS.ID_S= STATEMENT.ID_S
JOIN COURSE ON COURSE.ID_C = STATEMENT.ID_C
JOIN GROUPS ON STUDENTS.ID_G=GROUPS.ID_G
JOIN TEACHERS ON TEACHERS.ID_T=STATEMENT.ID_T
WHERE GROUPS.NAME='UFE'
ORDER BY STUDENT ASC

/* —ÚÛ‰ÂÌÚË ÍÓÚ≥ È‰ÛÚ¸ Ì‡ Ú‡ÎÓÌ*/

SELECT STUDENTS.FIRSTNAME+' '+ STUDENTS.LASTNAME AS STUDENT, STATEMENT.GRADE, COURSE.TITLE, GROUPS.NAME,
CASE
WHEN STATEMENT.GRADE = 2 THEN 'Õ≈ ƒŒœ”— '
WHEN STATEMENT.GRADE = 1 THEN 'Õ≈ ƒŒœ”— '
END AS FINISH
FROM STUDENTS JOIN STATEMENT ON STUDENTS.ID_S= STATEMENT.ID_S
JOIN COURSE ON COURSE.ID_C = STATEMENT.ID_C
JOIN GROUPS ON STUDENTS.ID_G=GROUPS.ID_G
WHERE STATEMENT.GRADE = 1 OR STATEMENT.GRADE=2
ORDER BY STUDENT ASC 